<books>
<book
bookId= "01"> 
<title>Mały książę</title>
<author>Antoine de Saint-Exupéry</author>
<desc>Interdum et malesuada fames ac ante 
ipsum primis in faucibus. Etiam at metus orci. 
Duis mollis tristique posuere. Cras et bibendum justo. 
Aenean vitae ligula interdum, vestibulum magna ut, 
mollis diam. Duis faucibus mi urna. Pellentesque 
tristique, orci et dictum rhoncus, arcu ipsum 
pellentesque augue, a maximus elit sem ut tortor. 
Donec urna sem, molestie sed lacus sit amet, eleifend 
consectetur tellus. Nullam eu sollicitudin neque.</desc>
</book>

<book
bookId= "02"> 
<title>Shrek the książka</title>
<author>Mama Księcia z Bajki</author>
<desc>Interdum et malesuada fames ac ante 
ipsum primis in faucibus. Etiam at metus orci. 
Duis mollis tristique posuere. Cras et bibendum justo. 
Aenean vitae ligula interdum, vestibulum magna ut, 
mollis diam. Duis faucibus mi urna. Pellentesque 
tristique, orci et dictum rhoncus, arcu ipsum 
pellentesque augue, a maximus elit sem ut tortor. 
Donec urna sem, molestie sed lacus sit amet, eleifend 
consectetur tellus. Nullam eu sollicitudin neque.</desc>
</book>
<book
bookId= "03"> 
<title>Gigachad w krainie chadów</title>
<author>Marcin Ultraman</author>
<desc>sbfjsdbfjsdbfjksbdfjsbdjfbsjkdbf dbsf
fsfjsfkjsbdfj f  f f sf f s d fs dfsd fsfdsf s fd
Interdum et malesuada fames ac ante 
ipsum primis in faucibus. Etiam at metus orci. 
Duis mollis tristique posuere. Cras et bibendum justo. 
Aenean vitae ligula interdum, vestibulum magna ut, 
mollis diam. Duis faucibus mi urna. Pellentesque 
tristique, orci et dictum rhoncus, arcu ipsum 
pellentesque augue, a maximus elit sem ut tortor. 
Donec urna sem, molestie sed lacus sit amet, eleifend 
consectetur tellus. Nullam eu sollicitudin neque.</desc>
</book>
<book
bookId= "04"> 
<title>Shrek the książka 2</title>
<author>Shrek Himself</author>
<desc>Interdum et malesuada fames ac ante 
ipsum primis in faucibus. Etiam at metus orci. 
Duis mollis tristique posuere. Cras et bibendum justo. 
Aenean vitae ligula interdum, vestibulum magna ut, 
mollis diam. Duis faucibus mi urna. Pellentesque 
tristique, orci et dictum rhoncus, arcu ipsum 
pellentesque augue, a maximus elit sem ut tortor. 
Donec urna sem, molestie sed lacus sit amet, eleifend 
consectetur tellus. Nullam eu sollicitudin neque.</desc>
</book>

<book
bookId= "05"> 
<title>Harry Potter część 69</title>
<author>Jan Kowalski-Rolada</author>
<desc>Interdum et malesuada fames ac ante 
ipsum primis in faucibus. Etiam at metus orci. 
Duis mollis tristique posuere. Cras et bibendum justo. 
Aenean vitae ligula interdum, vestibulum magna ut, 
mollis diam. Duis faucibus mi urna. Pellentesque 
tristique, orci et dictum rhoncus, arcu ipsum 
pellentesque augue, a maximus elit sem ut tortor. 
Donec urna sem, molestie sed lacus sit amet, eleifend 
consectetur tellus. Nullam eu sollicitudin neque.</desc>
</book>

<book
bookId= "06"> 
<title>Planeta dzikich dzikusów 👽</title>
<author>Marsjanek</author>
<desc>Interdum et malesuada fames ac ante 
ipsum primis in faucibus. Etiam at metus orci. 
Duis mollis tristique posuere. Cras et bibendum justo. 
Aenean vitae ligula interdum, vestibulum magna ut, 
mollis diam. Duis faucibus mi urna. Pellentesque 
tristique, orci et dictum rhoncus, arcu ipsum 
pellentesque augue, a maximus elit sem ut tortor. 
Donec urna sem, molestie sed lacus sit amet, eleifend 
consectetur tellus. Nullam eu sollicitudin neque.</desc>
</book>


</books>